{

"images": [
    "newHeroAtlas.png"
],

"frames": [
    [1, 1, 47, 64, 0, -1, -6],
    [50, 1, 47, 64, 0, -1, -6],
    [99, 1, 47, 64, 0, -1, -6],
    [148, 1, 47, 64, 0, -1, -6],
    [1, 67, 51, 64, 0, -5, -1],
    [54, 67, 47, 65, 0, -3, -6],
    [103, 67, 47, 65, 0, -3, -6],
    [152, 67, 49, 67, 0, -6, -7],
    [1, 133, 49, 67, 0, -9, -2],
    [52, 134, 57, 67, 0, 0, -1],
    [111, 136, 53, 67, 0, -3, -1],
    [166, 136, 53, 67, 0, -5, -2],
    [1, 202, 45, 68, 0, 0, 0],
    [48, 203, 45, 68, 0, 0, 0],
    [95, 205, 45, 68, 0, 0, 0],
    [142, 205, 45, 68, 0, 0, 0],
    [189, 205, 45, 68, 0, 0, 0],
    [1, 272, 45, 68, 0, 0, 0],
    [48, 273, 45, 68, 0, 0, 0],
    [95, 275, 45, 68, 0, 0, 0],
    [142, 275, 45, 68, 0, 0, 0],
    [189, 275, 45, 68, 0, 0, 0],
    [1, 343, 50, 68, 0, -8, -2],
    [53, 345, 58, 68, 0, 0, -2],
    [113, 345, 48, 69, 0, -3, -6],
    [163, 345, 46, 69, 0, -3, -6],
    [1, 413, 46, 69, 0, -3, -6],
    [49, 415, 52, 70, 0, -5, -1],
    [103, 416, 53, 70, 0, -3, -1],
    [158, 416, 51, 70, 0, -6, -1]
],

"animations": {
    "Jump_": [7, 24, 0, 1, 2, 3, 25, 26, 5, 6],
    "Run_": [22, 27, 28, 9, 23, 8, 29, 10, 4, 11],
    "Idle_": [12, 13, 14, 15, 16, 17, 18, 19, 20, 21]
},

"texturepacker": [
        "SmartUpdateHash: $TexturePacker:SmartUpdate:4afe75922054448a2463083ff60445d2:3052fd944c13acfbe3d3ad78a747027a:f40e258792d885e064b42ec31f5aee3f$",
        "Created with TexturePacker (https://www.codeandweb.com/texturepacker) for EaselJS"
]

}
