{

"images": [
    "newEnemyAtlas.png"
],

"frames": [
    [1, 1, 51, 62, 0, 0, -1],
    [1, 65, 50, 61, 0, 0, 0],
    [1, 128, 48, 59, 0, 0, -2],
    [1, 189, 48, 59, 0, 0, -2],
    [1, 250, 47, 64, 0, -3, 0],
    [1, 316, 47, 62, 0, -4, -1],
    [1, 380, 47, 61, 0, -4, -1],
    [1, 443, 47, 61, 0, -4, -1],
    [1, 506, 46, 64, 0, -4, 0],
    [1, 572, 46, 63, 0, -4, -1],
    [1, 637, 46, 61, 0, -3, 0],
    [1, 700, 46, 58, 0, -3, 0],
    [1, 760, 44, 61, 0, -2, -2],
    [1, 823, 41, 63, 0, -8, -4],
    [1, 888, 41, 61, 0, -5, -2],
    [1, 951, 39, 66, 0, -7, -2],
    [1, 1019, 38, 63, 0, -5, -2],
    [1, 1084, 38, 62, 0, -5, -2],
    [1, 1148, 38, 62, 0, -5, -2],
    [1, 1212, 38, 62, 0, -5, -2],
    [1, 1276, 32, 61, 0, 0, 0],
    [1, 1339, 32, 61, 0, 0, 0],
    [1, 1402, 32, 61, 0, 0, 0],
    [1, 1465, 32, 61, 0, 0, 0],
    [1, 1528, 32, 61, 0, 0, 0],
    [1, 1591, 32, 61, 0, 0, 0],
    [1, 1654, 32, 61, 0, 0, 0],
    [1, 1717, 32, 61, 0, 0, 0],
    [1, 1780, 32, 61, 0, 0, 0],
    [1, 1843, 32, 61, 0, 0, 0]
],

"animations": {
    "Run_": [5, 9, 4, 1, 0, 6, 8, 10, 11, 7],
    "Jump_": [13, 15, 16, 17, 18, 19, 14, 12, 2, 3],
    "Idle_": [20, 21, 22, 23, 24, 25, 26, 27, 28, 29]
},

"texturepacker": [
        "SmartUpdateHash: $TexturePacker:SmartUpdate:843e5eac3c608e0709840a3b277d7653:d36c207eeed14054e41a768cf299d6c2:90ec7f978c0df7ad81ace881f6353982$",
        "Created with TexturePacker (https://www.codeandweb.com/texturepacker) for EaselJS"
]

}
